STATE NAME,CAS NUMBER,SUBSTANCE,DETECTED
C,C,C,C
Louisiana,,,
,,,false
,108-88-3,,
,,Toluene,
,71-43-2,,
,,Benzene,
,100-41-4,,
,,Ethylbenzene,
,95-47-6,,
,,o-Xylene,
,179601-23-1,,
,,m p-Xylene,
,100-41-4,,
,,Ethylbenzene,
,,,false
,,,false
,100-41-4,,false
,,Ethylbenzene,false
,,,false
,100-41-4,,false
,,Ethylbenzene,false
,95-47-6,,
,,o-Xylene,
,,,false
,,,false
,95-47-6,,false
,,o-Xylene,false
,,,false
,95-47-6,,false
,,o-Xylene,false
,108-88-3,,
,,Toluene,
Louisiana,,,
Louisiana,,,
Louisiana,,,
Louisiana,108-88-3,,
Louisiana,,Toluene,
Louisiana,108-88-3,,
Louisiana,,Toluene,
,71-43-2,,
,,Benzene,
,95-47-6,,
,,o-Xylene,
Louisiana,,,
Louisiana,,,
Louisiana,,,
Louisiana,,,
Louisiana,,,
Louisiana,71-43-2,,
Louisiana,,Benzene,
Louisiana,71-43-2,,
Louisiana,,Benzene,
Louisiana,,,
Louisiana,95-47-6,,
Louisiana,,o-Xylene,
Louisiana,95-47-6,,
Louisiana,,o-Xylene,
,100-41-4,,
,,Ethylbenzene,
Louisiana,,,
Louisiana,,,
Louisiana,,,
Louisiana,100-41-4,,
Louisiana,,Ethylbenzene,
Louisiana,100-41-4,,
Louisiana,,Ethylbenzene,
,100-41-4,,
,,Ethylbenzene,
,,,false
,,,false
,100-41-4,,false
,,Ethylbenzene,false
,,,false
,100-41-4,,false
,,Ethylbenzene,false
Louisiana,,,
Louisiana,,,
Louisiana,,,
Louisiana,100-41-4,,
Louisiana,,Ethylbenzene,
Louisiana,100-41-4,,
Louisiana,,Ethylbenzene,
Louisiana,,,false
Louisiana,,,false
Louisiana,,,false
Louisiana,,,false
Louisiana,100-41-4,,false
Louisiana,,Ethylbenzene,false
Louisiana,,,false
Louisiana,100-41-4,,false
Louisiana,,Ethylbenzene,false
Louisiana,100-41-4,,false
Louisiana,100-41-4,,false
Louisiana,,Ethylbenzene,false
Louisiana,,Ethylbenzene,false
Louisiana,,,false
Louisiana,100-41-4,,false
Louisiana,,Ethylbenzene,false
Louisiana,100-41-4,,false
Louisiana,,Ethylbenzene,false
,95-47-6,,
,,o-Xylene,
,,,false
,,,false
,95-47-6,,false
,,o-Xylene,false
,,,false
,95-47-6,,false
,,o-Xylene,false
Louisiana,,,
Louisiana,,,
Louisiana,,,
Louisiana,95-47-6,,
Louisiana,,o-Xylene,
Louisiana,95-47-6,,
Louisiana,,o-Xylene,
Louisiana,,,false
Louisiana,,,false
Louisiana,,,false
Louisiana,,,false
Louisiana,95-47-6,,false
Louisiana,,o-Xylene,false
Louisiana,,,false
Louisiana,95-47-6,,false
Louisiana,,o-Xylene,false
Louisiana,95-47-6,,false
Louisiana,95-47-6,,false
Louisiana,,o-Xylene,false
Louisiana,,o-Xylene,false
Louisiana,,,false
Louisiana,95-47-6,,false
Louisiana,,o-Xylene,false
Louisiana,95-47-6,,false
Louisiana,,o-Xylene,false
,EDF-213,,
,,PM2.5,
,179601-23-1,,
,,m p-Xylene,
,,,false
,,,false
,179601-23-1,,false
,,m p-Xylene,false
,,,false
,179601-23-1,,false
,,m p-Xylene,false
,71-43-2,,
,,Benzene,
,179601-23-1,,
,,m p-Xylene,
Louisiana,,,
Louisiana,,,
Louisiana,,,
Louisiana,179601-23-1,,
Louisiana,,m p-Xylene,
Louisiana,179601-23-1,,
Louisiana,,m p-Xylene,
,EDF-213,,
,,PM2.5,
,,,true
,,,true
,EDF-213,,true
,,PM2.5,true
,,,true
,EDF-213,,true
,,PM2.5,true
,EDF-213,,
,,PM2.5,
Louisiana,,,
Louisiana,,,
Louisiana,,,
Louisiana,EDF-213,,
Louisiana,,PM2.5,
Louisiana,EDF-213,,
Louisiana,,PM2.5,
,EDF-213,,
,,PM2.5,
,,,true
,,,true
,EDF-213,,true
,,PM2.5,true
,,,true
,EDF-213,,true
,,PM2.5,true
Louisiana,,,
Louisiana,,,
Louisiana,,,
Louisiana,EDF-213,,
Louisiana,,PM2.5,
Louisiana,EDF-213,,
Louisiana,,PM2.5,
Louisiana,,,true
Louisiana,,,true
Louisiana,,,true
Louisiana,,,true
Louisiana,EDF-213,,true
Louisiana,,PM2.5,true
Louisiana,,,true
Louisiana,EDF-213,,true
Louisiana,,PM2.5,true
Louisiana,EDF-213,,true
Louisiana,EDF-213,,true
Louisiana,,PM2.5,true
Louisiana,,PM2.5,true
Louisiana,,,true
Louisiana,EDF-213,,true
Louisiana,,PM2.5,true
Louisiana,EDF-213,,true
Louisiana,,PM2.5,true
,71-43-2,,
,,Benzene,
Louisiana,,,
Louisiana,,,
Louisiana,,,
Louisiana,71-43-2,,
Louisiana,,Benzene,
Louisiana,71-43-2,,
Louisiana,,Benzene,
,,,false
,,,false
,71-43-2,,false
,,Benzene,false
,,,false
,71-43-2,,false
,,Benzene,false
,179601-23-1,,
,,m p-Xylene,
,,,false
,,,false
,179601-23-1,,false
,,m p-Xylene,false
,,,false
,179601-23-1,,false
,,m p-Xylene,false
Louisiana,,,
Louisiana,,,
Louisiana,,,
Louisiana,179601-23-1,,
Louisiana,,m p-Xylene,
Louisiana,179601-23-1,,
Louisiana,,m p-Xylene,
,108-88-3,,
,,Toluene,
,108-88-3,,
,,Toluene,
,108-88-3,,
,,Toluene,
Louisiana,,,
Louisiana,,,
Louisiana,,,
Louisiana,108-88-3,,
Louisiana,,Toluene,
Louisiana,108-88-3,,
Louisiana,,Toluene,
,108-88-3,,
,,Toluene,
,71-43-2,,
,,Benzene,
,179601-23-1,,
,,m p-Xylene,
,207-08-9,,
,,Benzo[k]fluoranthene,
,91-20-3,,
,,Naphthalene,
,56-55-3,,
,,Benz[a]anthracene,
,91-20-3,,
,,Naphthalene,
,207-08-9,,
,,Benzo[k]fluoranthene,
,,,true
,,,true
,91-20-3,,true
,,Naphthalene,true
,,,true
,91-20-3,,true
,,Naphthalene,true
,,,false
,,,false
,207-08-9,,false
,,Benzo[k]fluoranthene,false
,,,false
,207-08-9,,false
,,Benzo[k]fluoranthene,false
,205-99-2,,
,,Benzo(b)fluoranthene,
,50-32-8,,
,,Benzo[a]pyrene,
,56-55-3,,
,,Benz[a]anthracene,
,,,false
,,,false
,56-55-3,,false
,,Benz[a]anthracene,false
,,,false
,56-55-3,,false
,,Benz[a]anthracene,false
,218-01-9,,
,,Chrysene,
,,,false
,53-70-3,,
,,Dibenz[a h]anthracene,
,,,false
,53-70-3,,
,53-70-3,,false
,,Dibenz[a h]anthracene,
,,Dibenz[a h]anthracene,false
,,,false
,53-70-3,,false
,,Dibenz[a h]anthracene,false
,193-39-5,,
,,Indeno[1 2 3-cd]pyrene,
,50-32-8,,
,,Benzo[a]pyrene,
,,,false
,,,false
,50-32-8,,false
,,Benzo[a]pyrene,false
,,,false
,50-32-8,,false
,,Benzo[a]pyrene,false
,205-99-2,,
,,Benzo(b)fluoranthene,
,,,false
,,,false
,205-99-2,,false
,,Benzo(b)fluoranthene,false
,,,false
,205-99-2,,false
,,Benzo(b)fluoranthene,false
,193-39-5,,
,,Indeno[1 2 3-cd]pyrene,
,,,false
,,,false
,193-39-5,,false
,,Indeno[1 2 3-cd]pyrene,false
,,,false
,193-39-5,,false
,,Indeno[1 2 3-cd]pyrene,false
,71-43-2,,
,,Benzene,
,218-01-9,,
,,Chrysene,
,,,false
,,,false
,218-01-9,,false
,,Chrysene,false
,,,false
,218-01-9,,false
,,Chrysene,false
,,,false
,56-55-3,,
,,Benz[a]anthracene,
,,,false
,56-55-3,,
,56-55-3,,false
,,Benz[a]anthracene,
,,Benz[a]anthracene,false
,,,false
,56-55-3,,false
,,Benz[a]anthracene,false
Louisiana,,,
Louisiana,,,
Louisiana,,,
Louisiana,56-55-3,,
Louisiana,,Benz[a]anthracene,
Louisiana,56-55-3,,
Louisiana,,Benz[a]anthracene,
Louisiana,,,
Louisiana,,,
Louisiana,,,false
Louisiana,,,false
Louisiana,,,
Louisiana,56-55-3,,
Louisiana,,Benz[a]anthracene,
Louisiana,56-55-3,,
Louisiana,,Benz[a]anthracene,
Louisiana,,,false
Louisiana,,,false
Louisiana,56-55-3,,false
Louisiana,,Benz[a]anthracene,false
Louisiana,,,false
Louisiana,56-55-3,,false
Louisiana,,Benz[a]anthracene,false
Louisiana,56-55-3,,false
Louisiana,56-55-3,,false
Louisiana,,Benz[a]anthracene,false
Louisiana,,Benz[a]anthracene,false
Louisiana,,,false
Louisiana,56-55-3,,false
Louisiana,,Benz[a]anthracene,false
Louisiana,56-55-3,,false
Louisiana,,Benz[a]anthracene,false
,91-20-3,,
,,Naphthalene,
,,,false
,207-08-9,,
,,Benzo[k]fluoranthene,
,,,false
,207-08-9,,
,207-08-9,,false
,,Benzo[k]fluoranthene,
,,Benzo[k]fluoranthene,false
,,,false
,207-08-9,,false
,,Benzo[k]fluoranthene,false
Louisiana,,,
Louisiana,,,
Louisiana,,,
Louisiana,207-08-9,,
Louisiana,,Benzo[k]fluoranthene,
Louisiana,207-08-9,,
Louisiana,,Benzo[k]fluoranthene,
Louisiana,,,
Louisiana,,,
Louisiana,,,
Louisiana,91-20-3,,
Louisiana,,Naphthalene,
Louisiana,91-20-3,,
Louisiana,,Naphthalene,
Louisiana,,,
Louisiana,,,
Louisiana,,,false
Louisiana,,,false
Louisiana,,,
Louisiana,207-08-9,,
Louisiana,,Benzo[k]fluoranthene,
Louisiana,207-08-9,,
Louisiana,,Benzo[k]fluoranthene,
Louisiana,,,false
Louisiana,,,false
Louisiana,207-08-9,,false
Louisiana,,Benzo[k]fluoranthene,false
Louisiana,,,false
Louisiana,207-08-9,,false
Louisiana,,Benzo[k]fluoranthene,false
Louisiana,207-08-9,,false
Louisiana,207-08-9,,false
Louisiana,,Benzo[k]fluoranthene,false
Louisiana,,Benzo[k]fluoranthene,false
Louisiana,,,false
Louisiana,207-08-9,,false
Louisiana,,Benzo[k]fluoranthene,false
Louisiana,207-08-9,,false
Louisiana,,Benzo[k]fluoranthene,false
,91-20-3,,
,,Naphthalene,
,,,true
,,,true
,91-20-3,,true
,,Naphthalene,true
,,,true
,91-20-3,,true
,,Naphthalene,true
Louisiana,,,
Louisiana,,,
Louisiana,,,
Louisiana,91-20-3,,
Louisiana,,Naphthalene,
Louisiana,91-20-3,,
Louisiana,,Naphthalene,
Louisiana,,,true
Louisiana,,,true
Louisiana,,,true
Louisiana,,,true
Louisiana,91-20-3,,true
Louisiana,,Naphthalene,true
Louisiana,,,true
Louisiana,91-20-3,,true
Louisiana,,Naphthalene,true
Louisiana,91-20-3,,true
Louisiana,91-20-3,,true
Louisiana,,Naphthalene,true
Louisiana,,Naphthalene,true
Louisiana,,,true
Louisiana,91-20-3,,true
Louisiana,,Naphthalene,true
Louisiana,91-20-3,,true
Louisiana,,Naphthalene,true
,,,false
,53-70-3,,
,,Dibenz[a h]anthracene,
,,,false
,,,false
,218-01-9,,
,,Chrysene,
,,,false
,,,false
,205-99-2,,
,,Benzo(b)fluoranthene,
,,,false
,,,false
,50-32-8,,
,,Benzo[a]pyrene,
,,,false
,53-70-3,,
,53-70-3,,false
,,Dibenz[a h]anthracene,
,,Dibenz[a h]anthracene,false
,,,false
,53-70-3,,false
,,Dibenz[a h]anthracene,false
,218-01-9,,
,218-01-9,,false
,,Chrysene,
,,Chrysene,false
,,,false
,218-01-9,,false
,,Chrysene,false
,205-99-2,,
,205-99-2,,false
,,Benzo(b)fluoranthene,
,,Benzo(b)fluoranthene,false
,,,false
,205-99-2,,false
,,Benzo(b)fluoranthene,false
,50-32-8,,
,50-32-8,,false
,,Benzo[a]pyrene,
,,Benzo[a]pyrene,false
,,,false
,50-32-8,,false
,,Benzo[a]pyrene,false
Louisiana,,,
Louisiana,,,
Louisiana,,,
Louisiana,218-01-9,,
Louisiana,,Chrysene,
Louisiana,218-01-9,,
Louisiana,,Chrysene,
Louisiana,,,
Louisiana,,,
Louisiana,,,
Louisiana,205-99-2,,
Louisiana,,Benzo(b)fluoranthene,
Louisiana,205-99-2,,
Louisiana,,Benzo(b)fluoranthene,
Louisiana,,,
Louisiana,,,
Louisiana,,,
Louisiana,50-32-8,,
Louisiana,,Benzo[a]pyrene,
Louisiana,50-32-8,,
Louisiana,,Benzo[a]pyrene,
Louisiana,,,
Louisiana,,,
Louisiana,,,
Louisiana,,,false
Louisiana,,,false
Louisiana,,,
Louisiana,53-70-3,,
Louisiana,,Dibenz[a h]anthracene,
Louisiana,53-70-3,,
Louisiana,,Dibenz[a h]anthracene,
Louisiana,,,
Louisiana,,,false
Louisiana,,,false
Louisiana,,,
Louisiana,53-70-3,,
Louisiana,53-70-3,,false
Louisiana,,Dibenz[a h]anthracene,
Louisiana,,Dibenz[a h]anthracene,false
Louisiana,,,false
Louisiana,53-70-3,,false
Louisiana,,Dibenz[a h]anthracene,false
Louisiana,53-70-3,,
Louisiana,53-70-3,,false
Louisiana,53-70-3,,false
Louisiana,,Dibenz[a h]anthracene,
Louisiana,,Dibenz[a h]anthracene,false
Louisiana,,Dibenz[a h]anthracene,false
Louisiana,,,false
Louisiana,53-70-3,,false
Louisiana,,Dibenz[a h]anthracene,false
Louisiana,53-70-3,,false
Louisiana,,Dibenz[a h]anthracene,false
Louisiana,,,
Louisiana,,,
Louisiana,,,false
Louisiana,,,false
Louisiana,,,
Louisiana,218-01-9,,
Louisiana,,Chrysene,
Louisiana,218-01-9,,
Louisiana,,Chrysene,
Louisiana,,,false
Louisiana,,,false
Louisiana,218-01-9,,false
Louisiana,,Chrysene,false
Louisiana,,,false
Louisiana,218-01-9,,false
Louisiana,,Chrysene,false
Louisiana,218-01-9,,false
Louisiana,218-01-9,,false
Louisiana,,Chrysene,false
Louisiana,,Chrysene,false
Louisiana,,,false
Louisiana,218-01-9,,false
Louisiana,,Chrysene,false
Louisiana,218-01-9,,false
Louisiana,,Chrysene,false
Louisiana,,,
Louisiana,,,
Louisiana,,,
Louisiana,,,
Louisiana,,,false
Louisiana,,,false
Louisiana,,,
Louisiana,205-99-2,,
Louisiana,,Benzo(b)fluoranthene,
Louisiana,205-99-2,,
Louisiana,,Benzo(b)fluoranthene,
Louisiana,,,false
Louisiana,,,false
Louisiana,,,false
Louisiana,,,false
Louisiana,,,
Louisiana,50-32-8,,
Louisiana,,Benzo[a]pyrene,
Louisiana,50-32-8,,
Louisiana,,Benzo[a]pyrene,
Louisiana,,,false
Louisiana,,,false
Louisiana,205-99-2,,false
Louisiana,,Benzo(b)fluoranthene,false
Louisiana,,,false
Louisiana,205-99-2,,false
Louisiana,,Benzo(b)fluoranthene,false
Louisiana,205-99-2,,false
Louisiana,205-99-2,,false
Louisiana,,Benzo(b)fluoranthene,false
Louisiana,,Benzo(b)fluoranthene,false
Louisiana,,,false
Louisiana,205-99-2,,false
Louisiana,,Benzo(b)fluoranthene,false
Louisiana,205-99-2,,false
Louisiana,,Benzo(b)fluoranthene,false
Louisiana,50-32-8,,false
Louisiana,,Benzo[a]pyrene,false
Louisiana,,,false
Louisiana,50-32-8,,false
Louisiana,,Benzo[a]pyrene,false
Louisiana,50-32-8,,false
Louisiana,50-32-8,,false
Louisiana,,Benzo[a]pyrene,false
Louisiana,,Benzo[a]pyrene,false
Louisiana,,,false
Louisiana,50-32-8,,false
Louisiana,,Benzo[a]pyrene,false
Louisiana,50-32-8,,false
Louisiana,,Benzo[a]pyrene,false
,,,false
,193-39-5,,
,,Indeno[1 2 3-cd]pyrene,
,,,false
,95-47-6,,
,,o-Xylene,
,193-39-5,,
,193-39-5,,false
,,Indeno[1 2 3-cd]pyrene,
,,Indeno[1 2 3-cd]pyrene,false
,,,false
,193-39-5,,false
,,Indeno[1 2 3-cd]pyrene,false
Louisiana,,,
Louisiana,,,
Louisiana,,,
Louisiana,193-39-5,,
Louisiana,,Indeno[1 2 3-cd]pyrene,
Louisiana,193-39-5,,
Louisiana,,Indeno[1 2 3-cd]pyrene,
Louisiana,,,
Louisiana,,,
Louisiana,,,false
Louisiana,,,false
Louisiana,,,
Louisiana,193-39-5,,
Louisiana,,Indeno[1 2 3-cd]pyrene,
Louisiana,193-39-5,,
Louisiana,,Indeno[1 2 3-cd]pyrene,
Louisiana,,,false
Louisiana,,,false
Louisiana,193-39-5,,false
Louisiana,,Indeno[1 2 3-cd]pyrene,false
Louisiana,,,false
Louisiana,193-39-5,,false
Louisiana,,Indeno[1 2 3-cd]pyrene,false
Louisiana,193-39-5,,false
Louisiana,193-39-5,,false
Louisiana,,Indeno[1 2 3-cd]pyrene,false
Louisiana,,Indeno[1 2 3-cd]pyrene,false
Louisiana,,,false
Louisiana,193-39-5,,false
Louisiana,,Indeno[1 2 3-cd]pyrene,false
Louisiana,193-39-5,,false
Louisiana,,Indeno[1 2 3-cd]pyrene,false
,100-41-4,,
,,Ethylbenzene,
,179601-23-1,,
,,m p-Xylene,
Louisiana,,,
Louisiana,,,
,136777-61-2,,
,,m-Xylene & p-Xylene,
Louisiana,,,
Louisiana,136777-61-2,,
Louisiana,,m-Xylene & p-Xylene,
,136777-61-2,,
Louisiana,136777-61-2,,
,,m-Xylene & p-Xylene,
Louisiana,,m-Xylene & p-Xylene,
,,,true
,108-88-3,,
,,Toluene,
,,,true
,100-41-4,,
,,Ethylbenzene,
,108-88-3,,
,108-88-3,,true
,,Toluene,
,,Toluene,true
,,,true
,108-88-3,,true
,,Toluene,true
,95-47-6,,
,,o-Xylene,
,71-43-2,,
,,Benzene,
,179601-23-1,,
,,m p-Xylene,
,71-43-2,,
,,Benzene,
,71-43-2,,
,,Benzene,
,,,true
,,,true
,71-43-2,,true
,,Benzene,true
,,,true
,71-43-2,,true
,,Benzene,true
,,,true
,108-88-3,,
,,Toluene,
,,,true
,100-41-4,,
,,Ethylbenzene,
,179601-23-1,,
,,m p-Xylene,
,95-47-6,,
,,o-Xylene,
,108-88-3,,
,108-88-3,,true
,,Toluene,
,,Toluene,true
,,,true
,108-88-3,,true
,,Toluene,true
,71-43-2,,
,,Benzene,
,,,true
,,,true
,71-43-2,,true
,,Benzene,true
,,,true
,71-43-2,,true
,,Benzene,true
Louisiana,,,
Louisiana,,,
,136777-61-2,,
,,m-Xylene & p-Xylene,
Louisiana,,,
Louisiana,136777-61-2,,
Louisiana,,m-Xylene & p-Xylene,
,136777-61-2,,
Louisiana,136777-61-2,,
,,m-Xylene & p-Xylene,
Louisiana,,m-Xylene & p-Xylene,
,,,false
,,,false
Louisiana,,,false
,,,false
Louisiana,,,false
Louisiana,,,false
,,,false
Louisiana,,,false
,136777-61-2,,false
,,m-Xylene & p-Xylene,false
,,,false
,136777-61-2,,false
,,m-Xylene & p-Xylene,false
Louisiana,136777-61-2,,false
Louisiana,,m-Xylene & p-Xylene,false
Louisiana,,,false
Louisiana,136777-61-2,,false
Louisiana,,m-Xylene & p-Xylene,false
Louisiana,136777-61-2,,false
,136777-61-2,,false
Louisiana,136777-61-2,,false
Louisiana,,m-Xylene & p-Xylene,false
,,m-Xylene & p-Xylene,false
Louisiana,,m-Xylene & p-Xylene,false
,,,false
Louisiana,,,false
Louisiana,136777-61-2,,false
Louisiana,,m-Xylene & p-Xylene,false
,136777-61-2,,false
Louisiana,136777-61-2,,false
,,m-Xylene & p-Xylene,false
Louisiana,,m-Xylene & p-Xylene,false
,179601-23-1,,
,,m p-Xylene,
,,,true
,,,true
,179601-23-1,,true
,,m p-Xylene,true
,,,true
,179601-23-1,,true
,,m p-Xylene,true
,95-47-6,,
,,o-Xylene,
,,,true
,,,true
,95-47-6,,true
,,o-Xylene,true
,,,true
,95-47-6,,true
,,o-Xylene,true
,100-41-4,,
,,Ethylbenzene,
,,,true
,,,true
,100-41-4,,true
,,Ethylbenzene,true
,,,true
,100-41-4,,true
,,Ethylbenzene,true
,179601-23-1,,
,,m p-Xylene,
,,,true
,,,true
,179601-23-1,,true
,,m p-Xylene,true
,,,true
,179601-23-1,,true
,,m p-Xylene,true
,218-01-9,,
,,Chrysene,
,100-41-4,,
,,Ethylbenzene,
,95-47-6,,
,,o-Xylene,
,,,true
,,,true
,,,true
,,,true
,100-41-4,,true
,,Ethylbenzene,true
,,,true
,100-41-4,,true
,,Ethylbenzene,true
,95-47-6,,true
,,o-Xylene,true
,,,true
,95-47-6,,true
,,o-Xylene,true
,95-47-6,,
,,o-Xylene,
